username;date;retweets;favorites;text;geo;mentions;hashtags;id;permalink
hemilyalmeiida;2016-03-30 20:39;0;1;"ai o fabio do #masterchefbr curte meu tweet hauahauh";;;#masterchefbr;"715322706468724737";https://twitter.com/hemilyalmeiida/status/715322706468724737
juflescano;2016-03-30 20:26;0;0;"Jah que não consegui assisti tudo ontem, vamos no youtube hj! #masterchefbr @masterchefbr =D";;@masterchefbr;#masterchefbr;"715319337666609152";https://twitter.com/juflescano/status/715319337666609152
ThomasRonelly;2016-03-30 20:05;0;0;"Muita tensão nos candidatos #MasterChefBr";;;#MasterChefBr;"715313973696942082";https://twitter.com/ThomasRonelly/status/715313973696942082
ETudoPOP;2016-03-30 20:01;0;0;"#AnaPaulaResponde @anapaularenault #MasterChefBR VEJA O ENSAIO NU DE MODELO DO MASTERCHEF BR 2016 https:// ehtudopop.wordpress.com/2016/03/30/vej a-o-ensaio-nu-de-modelo-do-masterchef-br-2016/ … via @ETudoPop";;@anapaularenault @ETudoPop;#AnaPaulaResponde #MasterChefBR;"715312951247441921";https://twitter.com/ETudoPOP/status/715312951247441921
nathaliabriones;2016-03-30 19:43;0;0;"Passando longe dos tweets hoje! #MasterChefBR";;;#MasterChefBR;"715308414566576132";https://twitter.com/nathaliabriones/status/715308414566576132
Junior1981_5;2016-03-30 19:41;0;0;"Hoje tem #MasterChefBR";;;#MasterChefBR;"715308036605259782";https://twitter.com/Junior1981_5/status/715308036605259782
DiegoQueiroz_;2016-03-30 19:32;0;6;"é por isso que amo o #MasterChefBR pic.twitter.com/oZmGNhBm2Z";;;#MasterChefBR;"715305715188031488";https://twitter.com/DiegoQueiroz_/status/715305715188031488
IsabelleRibeiro;2016-03-30 19:23;1;2;"Esse é o vídeo mais assustador que eu já vi na minha vida. https://www. youtube.com/watch?v=T-5YUW Gm9yI … #MasterChefBR";;;#MasterChefBR;"715303415157559302";https://twitter.com/IsabelleRibeiro/status/715303415157559302
gabscomentando;2016-03-30 19:20;0;0;"Meus favoritos do #MasterChefBR pic.twitter.com/IVdk65ZHQw";;;#MasterChefBR;"715302727312605184";https://twitter.com/gabscomentando/status/715302727312605184
mundopositivo;2016-03-30 19:00;0;1;"Masterchef já tem um mozão coletivo: Leo Young - http:// bit.ly/1PGetHl #MasterChefBr #TV";;;#MasterChefBr #TV;"715297665550921728";https://twitter.com/mundopositivo/status/715297665550921728
sadia;2016-03-30 19:00;0;4;"Cortar cenoura perfeitamente, separar gema e clara, limpar camarão... Ontem foi um dia de muito aprendizado no #MasterchefBR ! Quem assistiu?";;;#MasterchefBR;"715297644285976576";https://twitter.com/sadia/status/715297644285976576
IsaqueHerrera;2016-03-30 18:58;0;0;"Já to em contato com 11 participantes do #MasterChefBR";;;#MasterChefBR;"715297109084389376";https://twitter.com/IsaqueHerrera/status/715297109084389376
lucastasm;2016-03-30 18:50;2;2;"Como fazer panquecas #MasterChefBR #masterchefjunior #RIRLisboaAMPM pic.twitter.com/CXuDyRDPi7";Brasília, Brazil;;#MasterChefBR #masterchefjunior #RIRLisboaAMPM;"715295054890475520";https://twitter.com/lucastasm/status/715295054890475520
desestruturado;2016-03-30 18:24;0;3;"Esse #bbb tem q acabar logo pra eu dar atenção ao #MasterChefBR ...";;;#bbb #MasterChefBR;"715288594580180992";https://twitter.com/desestruturado/status/715288594580180992
_1985ramos;2016-03-30 18:24;0;0;"A prova do 'mise en place' do @masterchefbr ontem parecia a tia da quinta série pedindo pra ver se o caderno tava caprichado #masterchefbr";;@masterchefbr;#masterchefbr;"715288517908234241";https://twitter.com/_1985ramos/status/715288517908234241
thaais_maia;2016-03-30 18:23;0;0;"#MasterChefBR a Paolla é tão sensível q vê por trás das pessoas...";;;#MasterChefBR;"715288311766626304";https://twitter.com/thaais_maia/status/715288311766626304
Amandhasenna_;2016-03-30 18:12;0;0;"Quero as Reprises do #MasterchefBR no @tlcbrasil lá reprisava Qui/Dom Do @discoverymulher é só na sexta? É isso mesmo? :( Chato";;@tlcbrasil @discoverymulher;#MasterchefBR;"715285604817350656";https://twitter.com/Amandhasenna_/status/715285604817350656
Alduini;2016-03-30 18:10;0;0;"Tadica da vovó #masterchefBR";;;#masterchefBR;"715285177019338758";https://twitter.com/Alduini/status/715285177019338758
thaais_maia;2016-03-30 18:09;0;1;"Cara vai no #Masterchefbr e faz hamburguer com maionese verde";;;#Masterchefbr;"715284719471034368";https://twitter.com/thaais_maia/status/715284719471034368
TeIevizona;2016-03-30 17:57;0;0;"Tudo o que você precisa saber sobre os 21 participantes do #MasterChefBR ! http:// bit.ly/1V6A0zN pic.twitter.com/VzeE5nVblA";;;#MasterChefBR;"715281915092275200";https://twitter.com/TeIevizona/status/715281915092275200
Seu_Demo;2016-03-30 17:57;0;0;"Pessoal assistindo jogo da seleção preocupado com a copa... quer ver jogo de verdade liga na cozinha do #MasterChefBR";;;#MasterChefBR;"715281896209559553";https://twitter.com/Seu_Demo/status/715281896209559553
_LauraFreire_;2016-03-30 17:50;0;0;"@folha Marcam o programa #MasterChefBR inteiro. São desnecessariamente grosseiros e humilham publicamente quem já está nervoso.";;@folha;#MasterChefBR;"715280037726052353";https://twitter.com/_LauraFreire_/status/715280037726052353
HomemBenigno;2016-03-30 17:50;0;0;"? Como seria se o #MasterChefBR fosse filmado no Brasil? http:// homembenigno.com.br/2016/03/30/mas … pic.twitter.com/xBHPyPV3xV";;;#MasterChefBR;"715279962702385153";https://twitter.com/HomemBenigno/status/715279962702385153
marceloindaniel;2016-03-30 17:50;1;2;"? Como seria se o #MasterChefBR fosse filmado no Brasil? http:// homembenigno.com.br/2016/03/30/mas … pic.twitter.com/07lssDN1Yw";;;#MasterChefBR;"715279950056595456";https://twitter.com/marceloindaniel/status/715279950056595456
ComparaTubers;2016-03-30 17:37;0;0;"agora quero ver <3 #MasterChefBR https:// twitter.com/masterchefbr/s tatus/715103825133236224 …";;;#MasterChefBR;"715276801862475776";https://twitter.com/ComparaTubers/status/715276801862475776
ComparaTubers;2016-03-30 17:36;0;0;"@masterchefbr Quero o Perfil Pessoal de todos que entrarm <3 Preciso Seguir todos já, #MasterChefBR";;@masterchefbr;#MasterChefBR;"715276634518069248";https://twitter.com/ComparaTubers/status/715276634518069248
gabi_lila;2016-03-30 17:36;0;0;"Quem nunca viajou na maionese? masterchefbr #masterchefbr #eunomasterchef #paixão #teamgabi … https://www. instagram.com/p/BDlz8BLGIFN/";;;#masterchefbr #eunomasterchef #paix #teamgabi;"715276456780251137";https://twitter.com/gabi_lila/status/715276456780251137
pricelesschick8;2016-03-30 17:13;2;0;"Follow @SuhilaBnLachhab http:// instagram.com/souhilaofficial #SouhilaBenLachhab #LoveWhatYouHave #MasterChefBR";;@SuhilaBnLachhab;#SouhilaBenLachhab #LoveWhatYouHave #MasterChefBR;"715270762979057666";https://twitter.com/pricelesschick8/status/715270762979057666
Hi_Tacia;2016-03-30 17:12;0;0;"Estou assistindo @masterchefbr em canais não oficiais, pois o oficial demora para postar no YouTube. #masterchefbr";;@masterchefbr;#masterchefbr;"715270419574558725";https://twitter.com/Hi_Tacia/status/715270419574558725
odiariodebrunaj;2016-03-30 17:11;31;0;"Conheça os participantes do #MasterChefBR http:// odiariodebrunajones.blogspot.com/2016/03/master chef-3-conheca-os-participantes.html?spref=tw …";;;#MasterChefBR;"715270290692042757";https://twitter.com/odiariodebrunaj/status/715270290692042757
juh_ferraresso;2016-03-30 17:08;0;1;"não sei se tô vendo aula de Economia ou assistindo o #MasterChefBR , a professora só fala de comida nos exemplos... miga para tô com fome!";;;#MasterChefBR;"715269538250625025";https://twitter.com/juh_ferraresso/status/715269538250625025
LiviaMaiaWalker;2016-03-30 17:08;0;0;"Quem ai ta assistindo #MasterChefBR ? -Môo - Não assisto tv http:// kiw.im/155syABGXfz";;;#MasterChefBR;"715269517925040130";https://twitter.com/LiviaMaiaWalker/status/715269517925040130
masterchefbr;2016-03-30 17:07;40;108;"Qual o seu tipo de corte? #MasterChefBR";;;#MasterChefBR;"715269345442709505";https://twitter.com/masterchefbr/status/715269345442709505
NehomiSaddleton;2016-03-30 17:04;0;1;"Good thing I don't live in #Slovenia #Horsemeat #MasterChefBR #masterchef";;;#Slovenia #Horsemeat #MasterChefBR #masterchef;"715268587083071489";https://twitter.com/NehomiSaddleton/status/715268587083071489
marceloindaniel;2016-03-30 17:01;1;2;"Quem seriam os integrantes do #MasterChefBR se ele fosse filmado no Brasil? http:// homembenigno.com.br/2016/03/30/mas terchefbr-no-brasil/ …";;;#MasterChefBR;"715267817113784320";https://twitter.com/marceloindaniel/status/715267817113784320
clusterytb;2016-03-30 16:55;0;2;"Boa tarde galera, bora jogar agario? #MalecKiss #AjudaLuciano #QuartaHumildeNoClubeSDV #MasterChefBR #RenunciaTemer";;;#MalecKiss #AjudaLuciano #QuartaHumildeNoClubeSDV #MasterChefBR #RenunciaTemer;"715266325736718336";https://twitter.com/clusterytb/status/715266325736718336
gabriellapalink;2016-03-30 16:49;1;2;"@DrJLMF muito obrigada!!! Agradeço de coração pela torcida #masterchefbr @masterchefbr";;@DrJLMF @masterchefbr;#masterchefbr;"715264759805947904";https://twitter.com/gabriellapalink/status/715264759805947904
ahiake;2016-03-30 16:24;0;0;"Ja tenho torcida no #masterChefBr , motivo, beleza em excesso!";;;#masterChefBr;"715258520258625536";https://twitter.com/ahiake/status/715258520258625536
Bandiva1;2016-03-30 16:22;0;0;"Como dizer não sem dar moleza e sem perder a classe by Paola Carosella! ;) #MasterChefBR @BandTV [GIF]➛ https://www. facebook.com/masterchefbr/p osts/955275744579962 …";;@BandTV;#MasterChefBR;"715257885052313600";https://twitter.com/Bandiva1/status/715257885052313600
facIubeband;2016-03-30 16:22;0;0;"Como dizer não sem dar moleza e sem perder a classe by Paola Carosella! ;) #MasterChefBR @BandTV [GIF]➛ https://www. facebook.com/masterchefbr/p osts/955275744579962 …";;@BandTV;#MasterChefBR;"715257884817375232";https://twitter.com/facIubeband/status/715257884817375232
TopTV_Brasil;2016-03-30 16:21;0;0;"Ontem 23h07 #PARxBRA 29.6 #ProgramaDoRatinho 7.4 #TrocaDeFamília 6.2 #MasterChefBR 3.7 #LucianaByNight 1.2";;;#PARxBRA #ProgramaDoRatinho #TrocaDeFam #MasterChefBR #LucianaByNight;"715257619741597703";https://twitter.com/TopTV_Brasil/status/715257619741597703
Bandiva1;2016-03-30 16:15;0;0;"Equipe completa do #MasterChefBR 3 da @BandTV ! [FOTO]➛ https://www. facebook.com/masterchefbr/p hotos/a.620744671366406.1073741828.585074268266780/954811431293060/?type=3&theater …";;@BandTV;#MasterChefBR;"715256182655598593";https://twitter.com/Bandiva1/status/715256182655598593
facIubeband;2016-03-30 16:15;0;0;"Equipe completa do #MasterChefBR 3 da @BandTV ! [FOTO]➛ https://www. facebook.com/masterchefbr/p hotos/a.620744671366406.1073741828.585074268266780/954811431293060/?type=3&theater …";;@BandTV;#MasterChefBR;"715256182559150081";https://twitter.com/facIubeband/status/715256182559150081
larisualoca;2016-03-30 16:15;0;0;"Começou negada #MasterChefBR pic.twitter.com/8VftMN0xER";;;#MasterChefBR;"715256056587370501";https://twitter.com/larisualoca/status/715256056587370501
juliana60365185;2016-03-30 16:12;0;5;"#MasterchefBR TOP 4 LEE Gabriella Livia/Victor ANtipatia Guilherme Pedro";;;#MasterchefBR;"715255376980082691";https://twitter.com/juliana60365185/status/715255376980082691
talisonmac;2016-03-30 16:09;0;0;"Queria #masterchefbr hj de novo";;;#masterchefbr;"715254754675396608";https://twitter.com/talisonmac/status/715254754675396608
018pedroayres;2016-03-30 15:53;0;0;"Ontem depois do jogo do Brasil , eu assisti #MasterChefBR na @BandTV";;@BandTV;#MasterChefBR;"715250557926121472";https://twitter.com/018pedroayres/status/715250557926121472
oneslasher;2016-03-30 15:53;0;0;"nunca assisti #MasterChefBR mas: se o programa é a versão brasileira por que não tem jurados brasileiros? e o mais humilhado vence no final?";;;#MasterChefBR;"715250499294011393";https://twitter.com/oneslasher/status/715250499294011393
babadosfamos0s;2016-03-30 15:51;0;0;"Conheça os participantes da terceira temporada do #MasterChefBR http:// bit.ly/1Sn12OJ pic.twitter.com/70zPycRfXk";;;#MasterChefBR;"715250024234528768";https://twitter.com/babadosfamos0s/status/715250024234528768
TVObservatorio;2016-03-30 15:49;0;0;"Conheça os participantes da terceira temporada do #MasterChefBR http:// bit.ly/1Sn12OJ pic.twitter.com/LE7EdOgvmG";;;#MasterChefBR;"715249544775221248";https://twitter.com/TVObservatorio/status/715249544775221248
NeuberFischer;2016-03-30 15:48;0;0;"Conheça os participantes da terceira temporada do #MasterChefBR http:// bit.ly/1Sn12OJ pic.twitter.com/cgNsiNtOa7";;;#MasterChefBR;"715249349312323585";https://twitter.com/NeuberFischer/status/715249349312323585
aiquelio;2016-03-30 15:48;0;0;"Nesse #MasterChefBR eu sou Team Lee (OBVIO), mas tb sou team Aluísio e Team Bruna São meus 3 finalistas";;;#MasterChefBR;"715249237542481920";https://twitter.com/aiquelio/status/715249237542481920
dinhoaugustto;2016-03-30 15:43;0;2;"Consolidados - BAND (29/03): #Fatmagül 3.6 #ShowDaFé 1.0 #MasterChef - A Prévia 1.9 #MasterChefBR 4.5 (5)";;;#Fatmag #ShowDaF #MasterChef #MasterChefBR;"715248033177464832";https://twitter.com/dinhoaugustto/status/715248033177464832
IsabelleRibeiro;2016-03-30 15:15;0;2;"Obrigada polo apoio de todos! Essa é a página oficial do #Aluísio , pra acompanhar as novidades! #MasterChefBR https://www. facebook.com/aluisionahime/";;;#Alu #MasterChefBR;"715241042233200640";https://twitter.com/IsabelleRibeiro/status/715241042233200640
ana_cardoson;2016-03-30 15:15;0;0;"Vim olhar as atualizações do @masterchefbr e vi que TODOS os meus favoritos passaram na prova de ontem. Quanto amor gente! #masterchefbr";;@masterchefbr;#masterchefbr;"715240950948343810";https://twitter.com/ana_cardoson/status/715240950948343810
Bandiva1;2016-03-30 15:12;0;0;"Conheça os concorrentes do #MasterChefBR 3 da @BandTV no @portaldaband aqui➛ http:// entretenimento.band.uol.com.br/masterchef/201 6/concorrentes/ …";;@BandTV @portaldaband;#MasterChefBR;"715240287057100800";https://twitter.com/Bandiva1/status/715240287057100800
facIubeband;2016-03-30 15:12;0;0;"Conheça os concorrentes do #MasterChefBR 3 da @BandTV no @portaldaband aqui➛ http:// entretenimento.band.uol.com.br/masterchef/201 6/concorrentes/ …";;@BandTV @portaldaband;#MasterChefBR;"715240286960615424";https://twitter.com/facIubeband/status/715240286960615424
bbiaalcantara;2016-03-30 15:11;0;1;"Gente, me diz se essa @gabi_lila q enfileirou as cascas dos ovos! Quero torcer p/ela e pro Lee, óbvio! #MasterChefBR";;@gabi_lila;#MasterChefBR;"715240053438615552";https://twitter.com/bbiaalcantara/status/715240053438615552
Bandiva1;2016-03-30 15:10;0;0;"#MasterChefBR Veja os números e curiosidades do booty camp. @BandTV + no @portaldaband aqui➛ http:// entretenimento.band.uol.com.br/masterchef/201 6/noticias/100000799819/veja-os-numeros-e-as-curiosidades-do-booty-camp.html …";;@BandTV @portaldaband;#MasterChefBR;"715239842452471809";https://twitter.com/Bandiva1/status/715239842452471809
facIubeband;2016-03-30 15:10;0;0;"#MasterChefBR Veja os números e curiosidades do booty camp. @BandTV + no @portaldaband aqui➛ http:// entretenimento.band.uol.com.br/masterchef/201 6/noticias/100000799819/veja-os-numeros-e-as-curiosidades-do-booty-camp.html …";;@BandTV @portaldaband;#MasterChefBR;"715239842309881856";https://twitter.com/facIubeband/status/715239842309881856
Bandiva1;2016-03-30 15:08;0;0;"Jiang e Raul comentam o 3º Ep de #MasterChefBR 3 da @BandTV ! + no @portaldaband aqui➛ http:// entretenimento.band.uol.com.br/masterchef/201 6/videos/ultimos-videos/15814573/quentinha-jiang-e-raul-comentam-o-terceiro-episodio-do-masterchef-.html …";;@BandTV @portaldaband;#MasterChefBR;"715239286409400322";https://twitter.com/Bandiva1/status/715239286409400322
facIubeband;2016-03-30 15:08;0;0;"Jiang e Raul comentam o 3º Ep de #MasterChefBR 3 da @BandTV ! + no @portaldaband aqui➛ http:// entretenimento.band.uol.com.br/masterchef/201 6/videos/ultimos-videos/15814573/quentinha-jiang-e-raul-comentam-o-terceiro-episodio-do-masterchef-.html …";;@BandTV @portaldaband;#MasterChefBR;"715239286359109635";https://twitter.com/facIubeband/status/715239286359109635
masterchefbr;2016-03-30 15:00;41;207;"Conte-me mais sobre isso, chef! #MasterChefBR pic.twitter.com/O81VJMLoni";;;#MasterChefBR;"715237300914036736";https://twitter.com/masterchefbr/status/715237300914036736
UmTalTiago;2016-03-30 14:57;0;0;"Esse ano tô assistindo #MasterChefBR no horário do programa e sei exatamente o que a @caradeanu tá passando por assistir no dia seguinte.";;@caradeanu;#MasterChefBR;"715236627027779585";https://twitter.com/UmTalTiago/status/715236627027779585
caradeanu;2016-03-30 14:55;0;2;"Acho que nunca simpatizei com tantos candidatos juntos quanto nessa temporada. Vontade de abraçar o Nuno. #MasterChefBR";;;#MasterChefBR;"715235985387352064";https://twitter.com/caradeanu/status/715235985387352064
MestreDjHugo;2016-03-30 14:54;0;0;"Aí meu coração. O irmão da menina foi assassinado! #MasterChefBR";;;#MasterChefBR;"715235817573257218";https://twitter.com/MestreDjHugo/status/715235817573257218
caradeanu;2016-03-30 14:53;0;3;"Cada frase que o Lee solta no #MasterChefBR eu tenho vontade de emoldurar.";;;#MasterChefBR;"715235456712065024";https://twitter.com/caradeanu/status/715235456712065024
Reenlsober;2016-03-30 14:49;0;0;"Conheça os participantes da nova temporada do #MasterChefBR (e quem vamos amar e odiar!) - http:// libe.vc/ryWOlc/ pic.twitter.com/kG9cHYLHJc";;;#MasterChefBR;"715234561165303808";https://twitter.com/Reenlsober/status/715234561165303808
_Marcelo_Is;2016-03-30 14:45;0;0;"@thazuk Seguindo ée claro... #TeamThaiana ... To contigo, por mim já é a #MasterChefBR";;@thazuk;#TeamThaiana #MasterChefBR;"715233473880014848";https://twitter.com/_Marcelo_Is/status/715233473880014848
Bandiva1;2016-03-30 14:44;0;0;"Eliminação de candidatos ONTEM(29) no #MasterChefBR da @BandTV ! #CafeComJornal [VÍDEO]➛ https://www. facebook.com/cafecomjornal/ videos/vb.751183228245876/1129492650414930/?type=2&theater …";;@BandTV;#MasterChefBR #CafeComJornal;"715233258863255552";https://twitter.com/Bandiva1/status/715233258863255552
facIubeband;2016-03-30 14:44;0;0;"Eliminação de candidatos ONTEM(29) no #MasterChefBR da @BandTV ! #CafeComJornal [VÍDEO]➛ https://www. facebook.com/cafecomjornal/ videos/vb.751183228245876/1129492650414930/?type=2&theater …";;@BandTV;#MasterChefBR #CafeComJornal;"715233258783510532";https://twitter.com/facIubeband/status/715233258783510532
doly3419;2016-03-30 14:43;0;0;"Follow plz @SuhilaBnLachhab https://www. instagram.com/souhilaofficia l/ … … … … https:// youtu.be/UpGVSPt3fQ8 #Maelbeek #MasterChefBR #USMNT #Espanistan";;@SuhilaBnLachhab;#Maelbeek #MasterChefBR #USMNT #Espanistan;"715232989219844097";https://twitter.com/doly3419/status/715232989219844097
Bandiva1;2016-03-30 14:41;0;0;"Veja quem foi aprovado p/ o #MasterChefBR de ONTEM(29) na @BandTV ! #CafeComJornal [VÍDEO]➛ https://www. facebook.com/cafecomjornal/ videos/vb.751183228245876/1129484603749068/?type=2&theater …";;@BandTV;#MasterChefBR #CafeComJornal;"715232575414018048";https://twitter.com/Bandiva1/status/715232575414018048
facIubeband;2016-03-30 14:41;0;0;"Veja quem foi aprovado p/ o #MasterChefBR de ONTEM(29) na @BandTV ! #CafeComJornal [VÍDEO]➛ https://www. facebook.com/cafecomjornal/ videos/vb.751183228245876/1129484603749068/?type=2&theater …";;@BandTV;#MasterChefBR #CafeComJornal;"715232575330119680";https://twitter.com/facIubeband/status/715232575330119680
kami_hamehah;2016-03-30 14:35;0;0;"preciso comprar meu cooktop por indução logo pq vai encarecer gravas ao #masterchefbr";;;#masterchefbr;"715230959063400448";https://twitter.com/kami_hamehah/status/715230959063400448
bandtriangulo;2016-03-30 14:26;0;0;"Equipe da cozinha mais famosa do Brasil completa! Daqui sai o novo #MasterchefBR ! Toda terça, na tela da BAND... http:// fb.me/4A7Q2zj93";;;#MasterchefBR;"715228687105298432";https://twitter.com/bandtriangulo/status/715228687105298432
jaimsribeiro;2016-03-30 14:23;0;1;"A frase da semana é de @PaolaCarosella "Não bota a culpa na vaca. A vaca é uma santa." #MasterChefBR";;@PaolaCarosella;#MasterChefBR;"715227993745002496";https://twitter.com/jaimsribeiro/status/715227993745002496
ETudoPOP;2016-03-30 14:08;0;0;"#VídeoShow #MasterChefBR @HugoGloss VEJA O ENSAIO NU DE MODELO DO MASTERCHEF BR 2016 https:// ehtudopop.wordpress.com/2016/03/30/vej a-o-ensaio-nu-de-modelo-do-masterchef-br-2016/ … … via @ETudoPop";;@HugoGloss @ETudoPop;#V #MasterChefBR;"715224313612345346";https://twitter.com/ETudoPOP/status/715224313612345346
ETudoPOP;2016-03-30 14:07;0;0;"@nelsonrubenstv #MasterChefBR @HugoGloss VEJA O ENSAIO NU DE MODELO DO MASTERCHEF BR 2016 https:// ehtudopop.wordpress.com/2016/03/30/vej a-o-ensaio-nu-de-modelo-do-masterchef-br-2016/ … … via @ETudoPop";;@nelsonrubenstv @HugoGloss @ETudoPop;#MasterChefBR;"715224051527127041";https://twitter.com/ETudoPOP/status/715224051527127041
vocesabendo;2016-03-30 14:07;0;1;"E o prêmio de ‘mozão’ do #MasterchefBR vai para… Leo Young! https:// twitter.com/i/moments/7151 80416857202688 …";;;#MasterchefBR;"715223920039890945";https://twitter.com/vocesabendo/status/715223920039890945
ETudoPOP;2016-03-30 14:07;0;0;"@BBBelissima #MasterChefBR @HugoGloss VEJA O ENSAIO NU DE MODELO DO MASTERCHEF BR 2016 https:// ehtudopop.wordpress.com/2016/03/30/vej a-o-ensaio-nu-de-modelo-do-masterchef-br-2016/ … … via @ETudoPop";;@BBBelissima @HugoGloss @ETudoPop;#MasterChefBR;"715223904248274944";https://twitter.com/ETudoPOP/status/715223904248274944
MestreDjHugo;2016-03-30 14:06;0;0;"To assistindo #MasterChefBR agora";;;#MasterChefBR;"715223771301457920";https://twitter.com/MestreDjHugo/status/715223771301457920
ETudoPOP;2016-03-30 14:05;0;0;"#MasterChefBR @HugoGloss VEJA O ENSAIO NU DE MODELO DO MASTERCHEF BR 2016 https:// ehtudopop.wordpress.com/2016/03/30/vej a-o-ensaio-nu-de-modelo-do-masterchef-br-2016/ … via @ETudoPop";;@HugoGloss @ETudoPop;#MasterChefBR;"715223505105604609";https://twitter.com/ETudoPOP/status/715223505105604609
littleguidi;2016-03-30 14:05;0;0;"Só q vendo o #MasterChefBR tô tão decepcionada. Não tem nenhuma necessidade as grosserias que os chefs fazem.";;;#MasterChefBR;"715223446389710848";https://twitter.com/littleguidi/status/715223446389710848
littleguidi;2016-03-30 14:04;0;0;"Eu nunca tinha visto o #MasterChefBR , até começar o #MasterChefJunior que eu amei.";;;#MasterChefBR #MasterChefJunior;"715223276209971201";https://twitter.com/littleguidi/status/715223276209971201
momentsbrasil;2016-03-30 13:57;3;4;"E o prêmio de ‘mozão’ do #MasterchefBR vai para… Leo Young! https:// twitter.com/i/moments/7151 80416857202688 …";;;#MasterchefBR;"715221543090057216";https://twitter.com/momentsbrasil/status/715221543090057216
vsn;2016-03-30 13:49;1;0;"que bom né, gente? terça que vem começa a parte boa do #MasterChefBR https:// twitter.com/alvaroleme/sta tus/715216012388483072 …";;;#MasterChefBR;"715219385586216961";https://twitter.com/vsn/status/715219385586216961
victorcoments_;2016-03-30 13:44;0;1;"Meus FAVs no #MasterChefBR Fernando Lee Bruna Luriana Gabriella Rumo à final";;;#MasterChefBR;"715218077609246720";https://twitter.com/victorcoments_/status/715218077609246720
interativa_tv;2016-03-30 13:42;0;2;"O #MasterChefBR marcou 5 pontos de média nesta terça (29/03) em São Paulo";;;#MasterChefBR;"715217635881955328";https://twitter.com/interativa_tv/status/715217635881955328
TodaTV;2016-03-30 13:39;1;6;"O #MasterChefBR marcou 5 pontos de média nesta terça (29/03) em São Paulo";;;#MasterChefBR;"715216795846750208";https://twitter.com/TodaTV/status/715216795846750208
uma_csi;2016-03-30 13:22;0;0;"Gente, sera que é muito vicio ficar revendo os episódios do #MasterChefBR ?";;;#MasterChefBR;"715212610300485632";https://twitter.com/uma_csi/status/715212610300485632
joseedivaldo;2016-03-30 13:20;0;0;"Ainda nao acompanho #MasterChefBR mais a partir da proxima terça acompanho essa disputa culinaria..que eu gosto muito de assistir";;;#MasterChefBR;"715212185740378117";https://twitter.com/joseedivaldo/status/715212185740378117
juliana_rogue;2016-03-30 13:20;0;0;"amei sua blusinha @PaolaCarosella destacou ! #masterchefbr";;@PaolaCarosella;#masterchefbr;"715212133202599936";https://twitter.com/juliana_rogue/status/715212133202599936
luiz7plays;2016-03-30 13:20;0;0;"Mesmo assim fiquei triste pela saída da Dona Maria. #MasterChefBR";;;#MasterChefBR;"715212038994309120";https://twitter.com/luiz7plays/status/715212038994309120
luiz7plays;2016-03-30 13:19;0;0;"Ontem eu não twittei sobre #MasterChefBR";;;#MasterChefBR;"715211931376828417";https://twitter.com/luiz7plays/status/715211931376828417
realityshowfa;2016-03-30 13:19;0;0;"Acho que essa temporada vai ser tão boa quanto às outras #MasterChefBR";;;#MasterChefBR;"715211927069278208";https://twitter.com/realityshowfa/status/715211927069278208
wagnervava1975;2016-03-30 13:17;0;0;"Ontem nem perdi meu tempo vendo esta seleção fiquei vendo #MasterChefBR seleção de gente fraca #ficaDunga @osdonosdabola";;@osdonosdabola;#MasterChefBR #ficaDunga;"715211320052690944";https://twitter.com/wagnervava1975/status/715211320052690944
enilsonfialho;2016-03-30 13:02;1;3;"Confesso que não gosto dele. Ontem ele foi deselegante com a colega eliminada! #MasterChefBR #ForaGuilherme pic.twitter.com/rNUyGjfprL";;;#MasterChefBR #ForaGuilherme;"715207537189105664";https://twitter.com/enilsonfialho/status/715207537189105664
Vivloira;2016-03-30 13:01;0;0;"@__Tih__ hahahaha não #MasterChefBr";;@__Tih__;#MasterChefBr;"715207223014735872";https://twitter.com/Vivloira/status/715207223014735872
ETudoPOP;2016-03-30 13:01;0;0;"@rairritante #MasterchefBR VEJA O ENSAIO NU DE MODELO DO MASTERCHEF BR 2016 https:// ehtudopop.wordpress.com/2016/03/30/vej a-o-ensaio-nu-de-modelo-do-masterchef-br-2016 … … … …";;@rairritante;#MasterchefBR;"715207213619548160";https://twitter.com/ETudoPOP/status/715207213619548160
jaairolopes;2016-03-30 12:58;0;0;"#MasterchefBR";;;#MasterchefBR;"715206695497109504";https://twitter.com/jaairolopes/status/715206695497109504
TeIevizona;2016-03-30 12:57;1;0;"Tudo o que você precisa saber sobre os 21 participantes do #MasterChefBR ! http:// goo.gl/iY80kl pic.twitter.com/IbKe42vfCD";;;#MasterChefBR;"715206435907493888";https://twitter.com/TeIevizona/status/715206435907493888
ETudoPOP;2016-03-30 12:57;0;0;"@julianolaham @katleendermato #MasterchefBR VEJA O ENSAIO NU DE MODELO DO MASTERCHEF BR 2016 https:// ehtudopop.wordpress.com/2016/03/30/vej a-o-ensaio-nu-de-modelo-do-masterchef-br-2016 … … … …";;@julianolaham @katleendermato;#MasterchefBR;"715206356479901701";https://twitter.com/ETudoPOP/status/715206356479901701
NadjwaAlgerinn1;2016-03-30 12:55;0;0;"Follow @SuhilaBnLachhab http:// instagram.com/souhilaofficial Listen https:// youtu.be/UpGVSPt3fQ8 #SouhilaBenLachhab #LoveWhatYouHave #MasterChefBR";;@SuhilaBnLachhab;#SouhilaBenLachhab #LoveWhatYouHave #MasterChefBR;"715205815486058497";https://twitter.com/NadjwaAlgerinn1/status/715205815486058497
OpsIvy;2016-03-30 12:54;0;2;"Se eu fosse jurada e a dona maria me pedisse pra continuar na competição eu parava tudo na hora e já dava o troféu do #MasterChefBR pra ela.";;;#MasterChefBR;"715205581049577472";https://twitter.com/OpsIvy/status/715205581049577472
ETudoPOP;2016-03-30 12:53;0;1;"#QuartaHumildeNoClubeSDV #TheusNoPaparazzo #MasterchefBR VEJA O ENSAIO NU DE MODELO DO MASTERCHEF BR 2016 https:// ehtudopop.wordpress.com/2016/03/30/vej a-o-ensaio-nu-de-modelo-do-masterchef-br-2016 … … … …";;;#QuartaHumildeNoClubeSDV #TheusNoPaparazzo #MasterchefBR;"715205346235707397";https://twitter.com/ETudoPOP/status/715205346235707397
G5Ocv;2016-03-30 12:52;0;0;"Seria mais legal com chefes brasileiros que conhecem nossa culinária #MasterChefBR";;;#MasterChefBR;"715205184322977794";https://twitter.com/G5Ocv/status/715205184322977794
marcspedroso;2016-03-30 12:52;0;0;"Ainda com palpitações nervosas do #masterchefBR de ontem";;;#masterchefBR;"715205082091024385";https://twitter.com/marcspedroso/status/715205082091024385
boo_cardoso;2016-03-30 12:51;0;0;"#masterchefbr Jurados vocês não precisam humilhar ninguém para transmitir aprendizado ok? É só um toque, adoro vocês <3";;;#masterchefbr;"715204890419707905";https://twitter.com/boo_cardoso/status/715204890419707905
Driih_nasc;2016-03-30 12:46;0;0;"Adoreii o Lee, simpatia em pessoa #MasterChefBR";;;#MasterChefBR;"715203554110214144";https://twitter.com/Driih_nasc/status/715203554110214144
MoreirahLuuh;2016-03-30 12:39;1;0;"Fiz um miojo com carne moída aqui que nossa...passava fácil na prova do #MasterChefBR de ontem !";Piracicaba, Brasil;;#MasterChefBR;"715201774789853188";https://twitter.com/MoreirahLuuh/status/715201774789853188
nandoaraujoo;2016-03-30 12:37;0;0;"#Band nesta Terça: #SilaPrisioneiraDoAmor 4 #FatMagul 4 #MasterChefBr 5";;;#Band #SilaPrisioneiraDoAmor #FatMagul #MasterChefBr;"715201258957717504";https://twitter.com/nandoaraujoo/status/715201258957717504
HomemBenigno;2016-03-30 12:34;1;6;"Como seria se o #MasterChefBR fosse filmado no Brasil? http:// homembenigno.com.br/2016/03/30/mas terchefbr-no-brasil/ … pic.twitter.com/xBHPyPV3xV";;;#MasterChefBR;"715200636279762944";https://twitter.com/HomemBenigno/status/715200636279762944
marceloindaniel;2016-03-30 12:34;1;5;"Como seria se o #MasterChefBR fosse filmado no Brasil? http:// homembenigno.com.br/2016/03/30/mas terchefbr-no-brasil/ … pic.twitter.com/p6gxZGIkgP";;;#MasterChefBR;"715200635235385346";https://twitter.com/marceloindaniel/status/715200635235385346
iggente;2016-03-30 12:30;0;4;"Conheça os participantes da nova temporada do #MasterChefBR ! → http:// bit.ly/231p8G4 pic.twitter.com/S2N0HR6vb4";;;#MasterChefBR;"715199512265023488";https://twitter.com/iggente/status/715199512265023488
carolfontaneti;2016-03-30 12:26;0;1;"Baixe um Urso! http:// tunnelbear.com Navegue na internet como se estivesse em outro país! -- só assim p poder ver #MasterChefBR";;;#MasterChefBR;"715198642500608001";https://twitter.com/carolfontaneti/status/715198642500608001
debzsoares;2016-03-30 12:22;0;0;"Gleice ficou. Graças a Deus. #MasterChefBR";;;#MasterChefBR;"715197511334543360";https://twitter.com/debzsoares/status/715197511334543360
Luizao_Band;2016-03-30 12:22;0;0;"#MasterChefBR foi até bem ontem , porque teve muita concorrência .";;;#MasterChefBR;"715197439045734403";https://twitter.com/Luizao_Band/status/715197439045734403
huffpostbrasil;2016-03-30 12:21;0;3;"Aqui estão os truques para o 'mise en place' perfeito #MasterChefBR http:// huff.to/1qgGCjO pic.twitter.com/uAym6rjc90";;;#MasterChefBR;"715197172229255168";https://twitter.com/huffpostbrasil/status/715197172229255168
SempreNa_Band;2016-03-30 12:19;2;3;"Vem conhecer os 21 participantes da nova temporada do @masterchefbr ! #MasterChefBR http:// bit.ly/1q0xhga pic.twitter.com/lFU0hA4AYQ";;@masterchefbr;#MasterChefBR;"715196687040561152";https://twitter.com/SempreNa_Band/status/715196687040561152
RCGuerrilla;2016-03-30 12:18;0;0;"@PaolaCarosella una fabada asturiana en #MasterChefBr seria buena prueba";;@PaolaCarosella;#MasterChefBr;"715196493590884352";https://twitter.com/RCGuerrilla/status/715196493590884352
srcupertino;2016-03-30 12:14;0;0;"#MasterChefBR consolidou 4.5 pontos de audiência ontem, em São Paulo. 0.2 a menos que na semana passada.";;;#MasterChefBR;"715195455949418497";https://twitter.com/srcupertino/status/715195455949418497
debzsoares;2016-03-30 12:12;0;1;"Mainha fica MUITO nervosa assistindo #MasterChefBR Hahahahaha ela pra mim e minha irmã: "vocês não inventem de competir em nada pq eu morro"";;;#MasterChefBR;"715194970609741824";https://twitter.com/debzsoares/status/715194970609741824
RCGuerrilla;2016-03-30 12:11;0;0;"Carne moída vira assunto principal no #Twitter #MasterChefBr http:// entretenimento.band.uol.com.br/masterchef/201 6/noticias/100000800012/carne-moida-vira-assunto-principal-no-twitter.html … via @portaldaband";;@portaldaband;#Twitter #MasterChefBr;"715194866498666497";https://twitter.com/RCGuerrilla/status/715194866498666497
ETudoPOP;2016-03-30 12:07;0;0;"@HugoGloss @Irma_Zuleide #MasterchefBR VEJA O ENSAIO NU DE MODELO DO MASTERCHEF BR 2016 https:// ehtudopop.wordpress.com/2016/03/30/vej a-o-ensaio-nu-de-modelo-do-masterchef-br-2016 … … … …";;@HugoGloss @Irma_Zuleide;#MasterchefBR;"715193694169726976";https://twitter.com/ETudoPOP/status/715193694169726976
vi_reality;2016-03-30 12:07;0;0;"Tem uma participante dessa edição do #MasterChefBr que me lembra a Elisa da primeira edição.. Não sei o nome, só sei que estou torcendo";;;#MasterChefBr;"715193639887114240";https://twitter.com/vi_reality/status/715193639887114240
RCGuerrilla;2016-03-30 12:06;0;0;"Estrangeiros e caretas tomam conta do #Twitter #MasterChefBR @masterchefbr http:// entretenimento.band.uol.com.br/masterchef/201 6/noticias/100000799167/estrangeiros-e-caretas-tomam-conta-do-twitter.html … via @portaldaband";;@masterchefbr @portaldaband;#Twitter #MasterChefBR;"715193555262812160";https://twitter.com/RCGuerrilla/status/715193555262812160
doniumc;2016-03-30 12:06;0;0;"Nunca mais assisto isso #MasterChefBR só aguento a linda Ana Paula Padrão. Os demais mandava pra aquele ligar juro https:// twitter.com/tvfoco/status/ 715192919079174144 …";;;#MasterChefBR;"715193395409461251";https://twitter.com/doniumc/status/715193395409461251
drykaloren;2016-03-30 12:04;0;2;"#MasterChefBR coração até capota nessas horas pic.twitter.com/LBZA4rt80R";;;#MasterChefBR;"715192971201683457";https://twitter.com/drykaloren/status/715192971201683457
ETudoPOP;2016-03-30 12:03;0;0;"#AnittaBDay #TheusNoPaparazzo #MasterchefBR VEJA O ENSAIO NU DE MODELO DO MASTERCHEF BR 2016 https:// ehtudopop.wordpress.com/2016/03/30/vej a-o-ensaio-nu-de-modelo-do-masterchef-br-2016 … … …";;;#AnittaBDay #TheusNoPaparazzo #MasterchefBR;"715192796492201984";https://twitter.com/ETudoPOP/status/715192796492201984
_MaaariLopes;2016-03-30 12:03;0;1;"@_kerotv achei os jurados muito mal educados essa edição.Eles não estão sendo profissionais,estão humilhando as pessoas. #Masterchefbr";;@_kerotv;#Masterchefbr;"715192676371587072";https://twitter.com/_MaaariLopes/status/715192676371587072
ETudoPOP;2016-03-30 12:02;0;0;"#QuartaHumildeNoClubeSDV #TheusNoPaparazzo #MasterchefBR VEJA O ENSAIO NU DE MODELO DO MASTERCHEF BR 2016 https:// ehtudopop.wordpress.com/2016/03/30/vej a-o-ensaio-nu-de-modelo-do-masterchef-br-2016 … … …";;;#QuartaHumildeNoClubeSDV #TheusNoPaparazzo #MasterchefBR;"715192512831430659";https://twitter.com/ETudoPOP/status/715192512831430659
iMatheusCosta;2016-03-30 12:00;0;0;"Aquele cara do #MasterChefBR é muito vermelho";;;#MasterChefBR;"715191862076784642";https://twitter.com/iMatheusCosta/status/715191862076784642
sielrodrigues;2016-03-30 11:57;0;0;"Pra entrar no #MasterChefBR tem que ter sangue no olho.";;;#MasterChefBR;"715191225553448961";https://twitter.com/sielrodrigues/status/715191225553448961
saleskarine;2016-03-30 11:46;0;3;"Eu amava o Fernando logo já amo o Pedro! #MasterChefBR";;;#MasterChefBR;"715188535146463233";https://twitter.com/saleskarine/status/715188535146463233
ely_dose;2016-03-30 11:45;0;0;"Ontem foi eletrisante @erickjacquin e @PaolaCarosella foram os jurados mais legal do master chef eu adoro o @masterchefbr #Masterchefbr";;@erickjacquin @PaolaCarosella @masterchefbr;#Masterchefbr;"715188249749295106";https://twitter.com/ely_dose/status/715188249749295106
saleskarine;2016-03-30 11:45;0;2;"Pedro é o novo Fernando dessa edição! Ri tanto da vaca magra! #MasterChefBR";;;#MasterChefBR;"715188115871285248";https://twitter.com/saleskarine/status/715188115871285248
_Ribhqah;2016-03-30 11:44;0;0;"A Maria não foi classificada? #MasterChefBR";;;#MasterChefBR;"715187854167699456";https://twitter.com/_Ribhqah/status/715187854167699456
claudinarosa;2016-03-30 11:40;0;1;"Salve! #impeachmentDilmajá #LulaNaCadeia #ApoiamosPF #somostodosmoro #VcComenta #blogdovilla #MasterChefBR #SaoPaulo https:// twitter.com/br45ilnocorrup t/status/715146669671780352 …";;;#impeachmentDilmaj #LulaNaCadeia #ApoiamosPF #somostodosmoro #VcComenta #blogdovilla #MasterChefBR #SaoPaulo;"715187035246616577";https://twitter.com/claudinarosa/status/715187035246616577
vocesabendo;2016-03-30 11:37;0;0;"RT masterchefbr: Não acompanhou o #MasterChefBR de ontem? Separamos os melhores tweets: https://www. twitter.com/i/moments/7150 33903367589889 … pic.twitter.com/EKcQKLVWIJ";;;#MasterChefBR;"715186259010916352";https://twitter.com/vocesabendo/status/715186259010916352
_Rosesemy;2016-03-30 11:36;0;0;"" @aeciodepapelao : Não gostei dessa participante #MasterChefBR pic.twitter.com/3prsvazkLi " até aqui, carniça!";;@aeciodepapelao;#MasterChefBR;"715186048528203776";https://twitter.com/_Rosesemy/status/715186048528203776
MChef_Fernando;2016-03-30 11:36;2;16;"Bom dia! #tortademaçã #crocante #masterchefbr #inspira #né ? #applepie #crunch #masterchef https://www. instagram.com/p/BDlKybttROQ/";;;#tortadema #crocante #masterchefbr #inspira #n #applepie #crunch #masterchef;"715185972779032576";https://twitter.com/MChef_Fernando/status/715185972779032576
QueirozLuka;2016-03-30 11:32;0;0;"Não conhecia esse programa #masterchefbr Eu vi ontem e achei sensacional!";Sao Paulo, Brazil;;#masterchefbr;"715184895950249989";https://twitter.com/QueirozLuka/status/715184895950249989
gazetadopovo;2016-03-30 11:30;8;18;"Paranaense Thaiana, natural de Guarapuava, disputa título de #MasterChefBR http:// bitly.com/1olXeFa pic.twitter.com/lFraKdo5tO";;;#MasterChefBR;"715184410048376832";https://twitter.com/gazetadopovo/status/715184410048376832
guizolinger;2016-03-30 11:30;0;1;"Tem uma conterrânea competindo no #MasterChefBR e ninguém me avisa?! Mostra pra eles como se faz, @thazuk !";;@thazuk;#MasterChefBR;"715184352456536065";https://twitter.com/guizolinger/status/715184352456536065
masterchefbr;2016-03-30 11:25;15;121;"Não acompanhou o #MasterChefBR de ontem? Separamos os melhores tweets: https://www. twitter.com/i/moments/7150 33903367589889 … pic.twitter.com/z1aCWIYFjx";;;#MasterChefBR;"715183076804923392";https://twitter.com/masterchefbr/status/715183076804923392
hugordin;2016-03-30 11:17;0;0;"Assistir #MasterChefBr deve ser bom depois do almoço, porque você tá de barriga cheia e não passa vontade.";;;#MasterChefBr;"715181092744069120";https://twitter.com/hugordin/status/715181092744069120
lariigarcez;2016-03-30 11:11;0;2;"O melhor programa sem dúvidas! #MasterChefBR";;;#MasterChefBR;"715179701564739584";https://twitter.com/lariigarcez/status/715179701564739584
modadenovela;2016-03-30 11:11;0;0;"regram @anapaulapadrao Hoje tem!!! #masterchefbr https://www. instagram.com/p/BDlH5vnrdip/";;@anapaulapadrao;#masterchefbr;"715179623273857025";https://twitter.com/modadenovela/status/715179623273857025
saleskarine;2016-03-30 11:10;0;0;"As provas muito dificeis! Eu iria ficar na separaçao de gema e clara pois meus omeletes de claras sempre viram de clara e gema #MasterChefBR";;;#MasterChefBR;"715179517522919430";https://twitter.com/saleskarine/status/715179517522919430
educadordaniel;2016-03-30 11:09;0;2;"o bom do ep de ontem de #MasterChefBR é que deixaram pro final pra apresentar o personagem que vamos detestar e torcer contra: Pedro";;;#MasterChefBR;"715179152526163970";https://twitter.com/educadordaniel/status/715179152526163970
DiegoQueiroz_;2016-03-30 11:07;0;0;"Ontem assistindo o #MasterChefBR falei pra minha mãe que fiquei com vontade de comer aqueles hamburguers caseiro";Arujá, Brasil;;#MasterChefBR;"715178682684465153";https://twitter.com/DiegoQueiroz_/status/715178682684465153
suzirosasep;2016-03-30 11:06;0;0;"Ainda bem q acabou de escolher . tao legal a parte da cozinha #masterchefbr";;;#masterchefbr;"715178289229402112";https://twitter.com/suzirosasep/status/715178289229402112
saleskarine;2016-03-30 11:04;0;0;"To de cara com a Engenheira Quimica a bicha tem muita técnica! Deve ter feito mtos cursos de gastronomia #MasterChefBR";;;#MasterChefBR;"715177836068397056";https://twitter.com/saleskarine/status/715177836068397056
lukediller;2016-03-30 11:03;0;0;"Eu já tenho até minha torcida no #MasterChefBR";;;#MasterChefBR;"715177638562766853";https://twitter.com/lukediller/status/715177638562766853
nathaliabriones;2016-03-30 11:01;0;0;"E eu não pude assistir #MasterChefBR ontem de novo, e só tem postagens deles aqui. Socorro, não quero spoiler!";;;#MasterChefBR;"715177102434299906";https://twitter.com/nathaliabriones/status/715177102434299906
masterchefbr;2016-03-30 11:01;23;156;"O @Henrique_Fogaca dá um recado para quem quer ser um #MasterChefBR . pic.twitter.com/ITeSn3Cpq8";;@Henrique_Fogaca;#MasterChefBR;"715177044330553344";https://twitter.com/masterchefbr/status/715177044330553344
saleskarine;2016-03-30 10:59;0;0;"Meu coração na mão pra saber se o PM do RJ passou! #MasterChefBR";;;#MasterChefBR;"715176751022911488";https://twitter.com/saleskarine/status/715176751022911488
debzsoares;2016-03-30 10:58;0;0;""Eu gosto de ketchup" "O Brasil sabe" HAHAHAHAHHAHAHAHA To finalmente assistindo #MasterChefBR";;;#MasterChefBR;"715176400211324933";https://twitter.com/debzsoares/status/715176400211324933
JuKonieczna;2016-03-30 10:54;0;0;"Esse negócio de ficar assistindo #masterchefbr me da um sono (mais do que eu tenho) no dia seguinte.";;;#masterchefbr;"715175347239698432";https://twitter.com/JuKonieczna/status/715175347239698432
MarcelloReis9;2016-03-30 10:52;0;3;"#MasterChefBR Ano q vem vou me inscrever, se eu não for lá pra cozinhar pelo menos eu choro em rede nacional.";;;#MasterChefBR;"715174889368453120";https://twitter.com/MarcelloReis9/status/715174889368453120
MarcelloReis9;2016-03-30 10:51;0;0;"#MasterChefBR";;;#MasterChefBR;"715174552523948034";https://twitter.com/MarcelloReis9/status/715174552523948034
kleber_jackson;2016-03-30 10:41;0;1;"O resultado de assistir #MasterChefBR ontem, é o sono de hoje";;;#MasterChefBR;"715171973551300609";https://twitter.com/kleber_jackson/status/715171973551300609
suzirosasep;2016-03-30 10:29;0;0;"Gente eu amo o Lee quero q ele nunca saia. Torço pra ele por enquanto #masterchefbr";;;#masterchefbr;"715169018592813056";https://twitter.com/suzirosasep/status/715169018592813056
huffpostbrasil;2016-03-30 10:22;2;4;"6 lições do episódio desta semana do #MasterChefBR que você deve levar para a vida http:// huff.to/21SHE0X pic.twitter.com/8k3Qfxsfkp";;;#MasterChefBR;"715167208486387712";https://twitter.com/huffpostbrasil/status/715167208486387712
suzirosasep;2016-03-30 10:21;0;0;"Meu sonho é comer vieira #masterchefbr";;;#masterchefbr;"715167089636597761";https://twitter.com/suzirosasep/status/715167089636597761
novosomsalvador;2016-03-30 10:20;0;0;"Aliás, @BandTV , viu o #MasterChefBR ontem? Bastante conteúdo, episódio bem fluido, sem forçar a barra com o twitter nem encher de sub celeb.";;@BandTV;#MasterChefBR;"715166709284519936";https://twitter.com/novosomsalvador/status/715166709284519936
VivianeMaris;2016-03-30 10:14;1;0;"Coisa difícil é assistir o @masterchefbr de manhã, segurando pra ñ xeretar no bloco final, isso é força de vontade #masterchefBR";;@masterchefbr;#masterchefBR;"715165241793978368";https://twitter.com/VivianeMaris/status/715165241793978368
suzirosasep;2016-03-30 10:13;0;0;"Agora a outra prova eu concordo pq tem q aprender de qualquer jeito pra continuar #masterchefbr";;;#masterchefbr;"715165153495482368";https://twitter.com/suzirosasep/status/715165153495482368
lpquadros;2016-03-30 10:12;1;0;"ficar vendo #MasterChefBR e não conseguir sair cedo da cama.";;;#MasterChefBR;"715164692549861377";https://twitter.com/lpquadros/status/715164692549861377
Thierri_P;2016-03-30 10:10;2;3;"O #MasterChefBR tinha que ser patrocinado pelo Red Bull. Só com energético pra sobreviver na quarta";;;#MasterChefBR;"715164321916010496";https://twitter.com/Thierri_P/status/715164321916010496
o_niick;2016-03-30 10:10;0;0;"Retweeted MasterChef Brasil ( @masterchefbr ): Um verdadeiro #MasterChefBR precisa saber separar a gema da clara e... http:// fb.me/26cL7Khc8";;@masterchefbr;#MasterChefBR;"715164212662812672";https://twitter.com/o_niick/status/715164212662812672
brunnogustavo;2016-03-30 10:08;0;1;"@liaguttierrez Podia ser você no lugar do louco do Guilherme. Ano que vem você tenta de novo e me chama pra eu torcer #MasterChefBR";;@liaguttierrez;#MasterChefBR;"715163707941253120";https://twitter.com/brunnogustavo/status/715163707941253120
CulinariaRock;2016-03-30 10:08;0;0;"Agora sim em full HD, ficou bonito pra carajoooo o prato vai! #masterchefbr #masterchef … https://www. instagram.com/p/BDlApaFSAIM/";;;#masterchefbr #masterchef;"715163668078600193";https://twitter.com/CulinariaRock/status/715163668078600193
marlonmarley0;2016-03-30 10:07;0;0;"@alvaroleme concordo #foraguilherme #MasterChefBR";;@alvaroleme;#foraguilherme #MasterChefBR;"715163629323173888";https://twitter.com/marlonmarley0/status/715163629323173888
n_rooh;2016-03-30 10:06;0;0;"Agora já sabemos quem serão os 21 cozinheiros que vão disputar o #MasterChefBR . Qual o seu preferido? http:// fb.me/QeyFMdq7";;;#MasterChefBR;"715163220550541312";https://twitter.com/n_rooh/status/715163220550541312
oEscandalozo;2016-03-30 10:03;3;1;"Sobre minha situaçao financeira... #MasterChefBR pic.twitter.com/B5vEWIaTeD";;;#MasterChefBR;"715162652931137539";https://twitter.com/oEscandalozo/status/715162652931137539
suzirosasep;2016-03-30 10:02;1;2;"Meu a pessoa faz mo esforço cozinhando e é eliminada por corte e separaçao de ovo kkkkk palhaçada #MasterChefBR";;;#MasterChefBR;"715162161870454784";https://twitter.com/suzirosasep/status/715162161870454784
SoMais1Episodio;2016-03-30 10:01;1;3;"Bom dia pra quem assistiu #MasterchefBR até o final ontem/hoje e só acordou - de verdade - agora!";;;#MasterchefBR;"715161973386772480";https://twitter.com/SoMais1Episodio/status/715161973386772480
welldu;2016-03-30 10:00;1;0;"Vou parar de assistir #MasterChefBR . Ontem acabou o programa as panelas de casa sofreram. Houve choro e ranger de dentes.";;;#MasterChefBR;"715161817169928192";https://twitter.com/welldu/status/715161817169928192
pthehype;2016-03-30 10:00;0;0;"@masterchefbr @cleytu #MasterChefBR Era só culpar o açogueiro !!!";;@masterchefbr @cleytu;#MasterChefBR;"715161739017502720";https://twitter.com/pthehype/status/715161739017502720
SoryanoRodrigo;2016-03-30 09:59;0;1;"" @masterchefbr : A culpa nunca é da vaca! #MasterChefBR pic.twitter.com/PfVlY2CpLk " Santa Vaca. rsrsr";;@masterchefbr;#MasterChefBR;"715161529042255872";https://twitter.com/SoryanoRodrigo/status/715161529042255872
EderAlex;2016-03-30 09:57;1;3;"Sobre o #MasterChefBr de ontem:Quem é essa tal Julienne? Quem ela pensa q é pra definir como a cenoura dos outros deve ser cortada? Obrigado";;;#MasterChefBr;"715161114498215936";https://twitter.com/EderAlex/status/715161114498215936
Destemperados;2016-03-30 09:55;1;0;"Ficou vendo o #MasterChefBR e perdeu a hora? Anota essas receitas de vitaminas e não fique sem café da manhã http:// bit.ly/1SN2rTW";Porto Alegre, Brazil;;#MasterChefBR;"715160602528886786";https://twitter.com/Destemperados/status/715160602528886786
manuskelamg;2016-03-30 09:53;1;1;"Já sou #teamnuno #teamportuga #vaiportuga #masterchefbr";;;#teamnuno #teamportuga #vaiportuga #masterchefbr;"715160032372006912";https://twitter.com/manuskelamg/status/715160032372006912
ErickChross;2016-03-30 09:53;0;0;"Não assistiiiiii!!! #MasterChefBR";;;#MasterChefBR;"715159955263918085";https://twitter.com/ErickChross/status/715159955263918085
Mathheus_lucas;2016-03-30 09:51;0;0;"To assistindo #MasterChefBR só agora , fazer oq neh? Não passa band no trajano";;;#MasterChefBR;"715159410071494661";https://twitter.com/Mathheus_lucas/status/715159410071494661
dollcemel;2016-03-30 09:45;2;2;"Sobre a minha disposição #MasterChefBR pic.twitter.com/eRmPjikPrB";;;#MasterChefBR;"715157916597227520";https://twitter.com/dollcemel/status/715157916597227520
floralins;2016-03-30 09:43;0;0;"Após uma madrugada de #masterchefBR e uma manhã de chuva, contrariando as expectativas, consegui acordar às 7h da manhã. CHUPA VIDA";;;#masterchefBR;"715157581203955712";https://twitter.com/floralins/status/715157581203955712
paulinhauemg;2016-03-30 09:41;0;0;"aguardando o link no youtube pra ver #MasterChefBR";;;#MasterChefBR;"715156918893944836";https://twitter.com/paulinhauemg/status/715156918893944836
fhmartins;2016-03-30 09:35;0;0;"Gosto do #MasterChefBR mas apenas q as pessoas ñ tem direito de serem humilhadas. Críticas ok, mas humilhações? Vale tudo pela audiencia?";;;#MasterChefBR;"715155391760494592";https://twitter.com/fhmartins/status/715155391760494592
Israelsouza100;2016-03-30 09:32;0;1;"@marceloindaniel Claro, pois pessoas se passando por personagens não pode ser mais interessante que comida... #MasterchefBR";;@marceloindaniel;#MasterchefBR;"715154726728429569";https://twitter.com/Israelsouza100/status/715154726728429569
JeanSNogueira;2016-03-30 09:26;0;0;"Vendo vc vir me pedir favor depois de 1 mês sem falar comigo #MasterchefBR pic.twitter.com/U3qHZAHbK4";;;#MasterchefBR;"715153328381038594";https://twitter.com/JeanSNogueira/status/715153328381038594
MrsArmyBright;2016-03-30 09:25;0;0;"#MasterChefBR Lee é o dono da porra toda flw, vlw!!";;;#MasterChefBR;"715153066962653184";https://twitter.com/MrsArmyBright/status/715153066962653184
ElsieSchwartz9;2016-03-30 09:22;0;0;"This hot whore wants to cam2cam while she fucks her pussy with a sextoy http:// tiny.cc/6xyf6v5f5izj #sexy #MasterChefBR";;;#sexy #MasterChefBR;"715152302840131584";https://twitter.com/ElsieSchwartz9/status/715152302840131584
huffpostbrasil;2016-03-30 09:22;8;12;"6 lições do episódio desta semana do #MasterChefBR que você deve levar para a vida http:// huff.to/1qh1E1J pic.twitter.com/Asp9FxM4zY";;;#MasterChefBR;"715152117502185472";https://twitter.com/huffpostbrasil/status/715152117502185472
eliziel;2016-03-30 09:17;0;0;"Ainda lembrando da frase da Paola no #MasterChefBR de ontem: não culpe a vaca, a vaca é santa.";;;#MasterChefBR;"715151044552962048";https://twitter.com/eliziel/status/715151044552962048
noSHITtogether;2016-03-30 09:17;0;2;"Eu só sei que Tava assistindo #MasterChefBR aí pisquei e já tava atrasada pro trabalho";;;#MasterChefBR;"715150900709474305";https://twitter.com/noSHITtogether/status/715150900709474305
cassiovinicius;2016-03-30 09:17;0;0;"sei que o pessoal ta tudo com sono por conta do episódio de #MasterChefBR de ontem";;;#MasterChefBR;"715150843415293953";https://twitter.com/cassiovinicius/status/715150843415293953
marceloindaniel;2016-03-30 09:15;2;8;"Com o #MasterChefBr de ontem o Big Brother ficou mais escondido que a segunda página de resultado na busca do Google né";;;#MasterChefBr;"715150436903346177";https://twitter.com/marceloindaniel/status/715150436903346177
Gunsforjoseph;2016-03-30 09:14;0;0;"- a vaca não tem nada a ver, a vaca é uma santa! <3 #MasterChefBR";;;#MasterChefBR;"715150221962059776";https://twitter.com/Gunsforjoseph/status/715150221962059776
sorryurecute;2016-03-30 09:14;1;1;"gnt é mt tarde para comentar sobre aquele estudante de arquitetura barbudinho q foi eliminado do #MasterChefBR ?";;;#MasterChefBR;"715150148721053696";https://twitter.com/sorryurecute/status/715150148721053696
osvaldinholuz;2016-03-30 09:12;0;2;"O #MasterChefBR foi melhor que o jogo do Brasil da seleção";;;#MasterChefBR;"715149739931602944";https://twitter.com/osvaldinholuz/status/715149739931602944
Gunsforjoseph;2016-03-30 09:11;0;0;"Gente o que foi aquilo ontem?? #MasterChefBR";;;#MasterChefBR;"715149492937482240";https://twitter.com/Gunsforjoseph/status/715149492937482240
carlaferrarezi;2016-03-30 09:06;0;1;"Perdi Master Chef ontem, perdi Leonardo. #MasterChefBR";;;#MasterChefBR;"715148307207692288";https://twitter.com/carlaferrarezi/status/715148307207692288
kaiquekcs;2016-03-30 09:00;0;2;"@PaolaCarosella estava linda com essa camiseta no #MasterChefBR ! pic.twitter.com/heygU3z4rX";;@PaolaCarosella;#MasterChefBR;"715146583558332416";https://twitter.com/kaiquekcs/status/715146583558332416
carolviso;2016-03-30 09:00;0;0;"Quarta-feira e a dor do "deveria ter dormido mais cedo". Obrigada #MasterChefBR";;;#MasterChefBR;"715146574230396928";https://twitter.com/carolviso/status/715146574230396928
MeuAlecrim;2016-03-30 08:58;0;3;"A @bandtv bem q podia reprisar o #MasterChefBR aos sábados, como fez com a versão júnior";;@bandtv;#MasterChefBR;"715146222017896450";https://twitter.com/MeuAlecrim/status/715146222017896450
nomundodalua;2016-03-30 08:57;0;0;"Vai Paulinha! <3 #MasterChefBR #cozinhaexperimentaldapaulinha https:// twitter.com/masterchefbr/s tatus/715103825133236224 …";;;#MasterChefBR #cozinhaexperimentaldapaulinha;"715145872498159616";https://twitter.com/nomundodalua/status/715145872498159616
betinabroch;2016-03-30 08:55;0;0;"O #MasterChefBR cagou minha quarta-feira #sono";;;#MasterChefBR #sono;"715145516846301184";https://twitter.com/betinabroch/status/715145516846301184
luccakoch;2016-03-30 08:54;4;7;"Bom dia! Acordando dps de #MasterChefBR pic.twitter.com/ZFPsBmedP3";;;#MasterChefBR;"715145271144030208";https://twitter.com/luccakoch/status/715145271144030208
mandi_amorim;2016-03-30 08:54;0;0;"NAO ACREDITO QUE A DONA MARIA SAIU!!!! #MasterChefBR";;;#MasterChefBR;"715145050305462272";https://twitter.com/mandi_amorim/status/715145050305462272
guitare_ihab;2016-03-30 08:51;7;3;"@Ihab_Amir http:// instagram.com/ihabamiroffici ell/ … #jeanpierrecoffe #CommeABrooklyn #architectureMW #MasterChefBR pic.twitter.com/upBqWNgAjS";;@Ihab_Amir;#jeanpierrecoffe #CommeABrooklyn #architectureMW #MasterChefBR;"715144413379444736";https://twitter.com/guitare_ihab/status/715144413379444736
mandi_amorim;2016-03-30 08:51;0;0;"Nao consegui ver o #MasterChefBR ontem!! Vou ter que ver a reprise";;;#MasterChefBR;"715144377392300033";https://twitter.com/mandi_amorim/status/715144377392300033
victor_rodrgs;2016-03-30 08:50;0;0;"Fragmentos do @masterchefbr agora, no @cafejornal . #CaféComJornal #MasterChefBr #MasterChefBrasil #MasterChef #JornalDaManhã";Brazil;@masterchefbr @cafejornal;#Caf #MasterChefBr #MasterChefBrasil #MasterChef #JornalDaManh;"715144134466600960";https://twitter.com/victor_rodrgs/status/715144134466600960
flamzykb;2016-03-30 08:47;0;1;"Bom dia $ #MasterChefBR pic.twitter.com/0sCHfJ6l3Y";;;#MasterChefBR;"715143423486009344";https://twitter.com/flamzykb/status/715143423486009344
hiabdallaah;2016-03-30 08:44;0;0;"expulsei meu pai da tv porque masterchef é masterchef #MasterChefBR";;;#MasterChefBR;"715142568615477248";https://twitter.com/hiabdallaah/status/715142568615477248
oliviayale;2016-03-30 08:43;0;0;"Alô @juuhduarte , resume o #MasterChefBR de ontem, porfa";;@juuhduarte;#MasterChefBR;"715142432325832704";https://twitter.com/oliviayale/status/715142432325832704
christianeccf;2016-03-30 08:41;0;0;"Acordando moída depois de assistir #MasterChefBR até tarde e me pergunto: pq não deixei pra assistir saporra no reprise da sexta?";;;#MasterChefBR;"715141777225809920";https://twitter.com/christianeccf/status/715141777225809920
gabriellefer;2016-03-30 08:40;0;0;"Bom dia pra quem foi dormir depois do #MasterChefBR";;;#MasterChefBR;"715141552880947200";https://twitter.com/gabriellefer/status/715141552880947200
alinemelina22;2016-03-30 08:38;0;1;"Bom dia! E ainda bem que na terça-feira tem #MasterChefBR E na quarta tem #Corinthians #HojeTemCorinthians . .";;;#MasterChefBR #Corinthians #HojeTemCorinthians;"715141080627429380";https://twitter.com/alinemelina22/status/715141080627429380
RaiiGuedes;2016-03-30 08:37;0;3;"@masterchefbr nossa já deu pra ver que nao vá ser fácil e a cada terça, vou da um troço no coração. #MasterChefBr";;@masterchefbr;#MasterChefBr;"715140978227744768";https://twitter.com/RaiiGuedes/status/715140978227744768
i_habo;2016-03-30 08:35;4;3;"#FLY1STWIN #RogerCicero #MasterChefBR #Malec #5SOSFam Follow @Ihab_Amir https://www. instagram.com/ihabamiroffici ell/ … Listen https://www. youtube.com/watch?v=nzwb-F yE2CA&feature=youtube_gdata_player … #IhabAmir";;@Ihab_Amir;#FLY1STWIN #RogerCicero #MasterChefBR #Malec #5SOSFam #IhabAmir;"715140474529558528";https://twitter.com/i_habo/status/715140474529558528
hmazati;2016-03-30 08:33;0;0;"Band apresenta nova grade de programação: #MasterChefBR de cozinheiros profissionais e The X Factor, que é tipo um The Voice. #MztNews";;;#MasterChefBR #MztNews;"715139956101001216";https://twitter.com/hmazati/status/715139956101001216
salvesalles;2016-03-30 08:32;0;0;"#InternetSemVacilo @unicefbrasil @safernert #masterchef #masterchefbr https://www. instagram.com/p/BDk1radSXWma t8ixGYDloIBOcpBPWLEAIBd1pM0/ …";;@unicefbrasil @safernert;#InternetSemVacilo #masterchef #masterchefbr;"715139548578230272";https://twitter.com/salvesalles/status/715139548578230272
crisfr;2016-03-30 08:29;0;1;"Pq o #MasterChefBR e o #BBB16 tem que acabar tão tarde na terça-feira. #Sono #SonoMiserável";;;#MasterChefBR #BBB16 #Sono #SonoMiser;"715138865502101504";https://twitter.com/crisfr/status/715138865502101504
SalmaMedda;2016-03-30 08:29;2;0;"Hi follow plz http:// Instagram.com/souhilaofficial #SouhilaBenlachhab #FLY1STWIN #RogerCicero #MasterChefBR #FRARUS #jeanpierrecoffe";;;#SouhilaBenlachhab #FLY1STWIN #RogerCicero #MasterChefBR #FRARUS #jeanpierrecoffe;"715138753170419713";https://twitter.com/SalmaMedda/status/715138753170419713
ShirleyFragoso;2016-03-30 08:28;0;1;"O #MasterChefBR devia ter o Dia da Crise para apresentar novas receitas só de preparação de ovos conforme as recomendações da presidentA.";;;#MasterChefBR;"715138674023903232";https://twitter.com/ShirleyFragoso/status/715138674023903232
vivi_civil;2016-03-30 08:28;0;0;"Nossa ontem durmi antes de começar o jogo da vergonha seleção brasileira! Pena que perdi o #MasterChefBR";Contagem, Brasil;;#MasterChefBR;"715138611230949376";https://twitter.com/vivi_civil/status/715138611230949376
vsn;2016-03-30 08:28;0;0;"Aí você acorda de quarta feira e se pergunta: por que esse #MasterChefBR ????";;;#MasterChefBR;"715138577684963329";https://twitter.com/vsn/status/715138577684963329
solfeitosa;2016-03-30 08:25;0;1;"Maya eliminada do master chef a Globo devia levá-la pro Amor e Sexo, sucesso garantido #MasterChefBR";Belém, Brazil;;#MasterChefBR;"715137851369910272";https://twitter.com/solfeitosa/status/715137851369910272
_biabrito;2016-03-30 08:25;1;0;"É mt triste acordar e perceber q perdi #MasterChefBR";;;#MasterChefBR;"715137850111574016";https://twitter.com/_biabrito/status/715137850111574016
SalmaMedda;2016-03-30 08:22;1;0;"Hi plz follow @SuhilaBnLachhab #SouhilaBenlachhab #FLY1STWIN #RogerCicero #MasterChefBR #Malec #5SOSFam";;@SuhilaBnLachhab;#SouhilaBenlachhab #FLY1STWIN #RogerCicero #MasterChefBR #Malec #5SOSFam;"715137087461322752";https://twitter.com/SalmaMedda/status/715137087461322752
folha;2016-03-30 08:19;16;54;"Perfeccionismo e intolerância dos jurados marcam primeira eliminatória do #MasterChefBR http:// uol.com/bbjDL4 pic.twitter.com/hQ6oSG8VZN";;;#MasterChefBR;"715136405954027520";https://twitter.com/folha/status/715136405954027520
Thigana_Silva;2016-03-30 08:19;0;0;"Ontem larguei o jogo do Brasil pra ver #MasterChefBR confesso que foi bem melhor";;;#MasterChefBR;"715136297283809280";https://twitter.com/Thigana_Silva/status/715136297283809280
gabicecon;2016-03-30 08:17;1;3;"Melhor tuíte do #MasterChefBR ! https:// twitter.com/erico_borgo/st atus/715017584492544001 …";;;#MasterChefBR;"715135866310672384";https://twitter.com/gabicecon/status/715135866310672384
reino_carosella;2016-03-30 08:13;0;0;"Look da #PaolaCarosella no terceiro episódio de #MasterChefBR https://www. instagram.com/p/BDkzkumvQGj/";;;#PaolaCarosella #MasterChefBR;"715134928942333953";https://twitter.com/reino_carosella/status/715134928942333953
MarciaCarvalho;2016-03-30 08:13;0;0;"Ontem vi o #MasterChefBR pela 1a. vez. É tanta grosseria dos juízes que parece mais o Hell's Kitchen do que o Master Chef original.";;;#MasterChefBR;"715134900807024640";https://twitter.com/MarciaCarvalho/status/715134900807024640
marimareana;2016-03-30 08:13;0;0;"Ás vezes da vontade de mudar de canal assistindo o #MasterChefBR É umas tirada desnecessárias que os cara dão. Eu fico "Nossa... pra quê?"";;;#MasterChefBR;"715134826584678400";https://twitter.com/marimareana/status/715134826584678400
maravilices;2016-03-30 08:13;0;0;"#MasterChefBR tornando mais difícil a saída da cama na quarta de manhã.";;;#MasterChefBR;"715134749979852800";https://twitter.com/maravilices/status/715134749979852800
Junior1981_5;2016-03-30 08:08;0;0;"Não vou marca mais nada de quarta-feira o pessoa fica assistindo #MasterChefBR e não vem trabalhar";;;#MasterChefBR;"715133667811713024";https://twitter.com/Junior1981_5/status/715133667811713024
_socius;2016-03-30 08:00;0;0;"Preciso de um VIRA-TEMPO urgentemente pois não sei lidar com o fato de ACORDAR CEDO. Obrigado #MasterChefBR";;;#MasterChefBR;"715131701240926209";https://twitter.com/_socius/status/715131701240926209
MoniBodin;2016-03-30 07:59;0;6;"Semana q vem vou assistir na reprise de domingo. Não tem como ficar acordada na terça. Acaba mt tarde #MasterChefBR";;;#MasterChefBR;"715131236986056704";https://twitter.com/MoniBodin/status/715131236986056704
sempreLero;2016-03-30 07:58;0;1;"porra, gleice #MasterChefBR pic.twitter.com/msfqLa0rjT";;;#MasterChefBR;"715131140076609536";https://twitter.com/sempreLero/status/715131140076609536
renanpipolo;2016-03-30 07:58;4;10;"Você descobre que #MasterChefBR termina muito tarde quando perde o final do episódio porque pegou no sono.";;;#MasterChefBR;"715131017980411904";https://twitter.com/renanpipolo/status/715131017980411904
IndyLinhares;2016-03-30 07:52;1;3;"#MasterChefBR Não assisti Master Chef ontem, pois dormi. Hoje, estou sofrendo calada.";;;#MasterChefBR;"715129535059075072";https://twitter.com/IndyLinhares/status/715129535059075072
Isadoradantasm;2016-03-30 07:51;0;8;"Pelo direito de se atrasar na quarta qdo vc assiste #MasterChefBR";;;#MasterChefBR;"715129357321244672";https://twitter.com/Isadoradantasm/status/715129357321244672
Ice_BurZ;2016-03-30 07:51;0;0;"https:// soundcloud.com/davidandras/bu rzinsterk … new hot beat! #np #gang #beat #trap #drill #soundcloud #collab #MasterChefBR";;;#np #gang #beat #trap #drill #soundcloud #collab #MasterChefBR;"715129316783292416";https://twitter.com/Ice_BurZ/status/715129316783292416
alrenliars;2016-03-30 07:49;0;1;"vou começar a assistir pq deve ser muito bomm #MasterChefBR";;;#MasterChefBR;"715128931377160193";https://twitter.com/alrenliars/status/715128931377160193
BaianBana;2016-03-30 07:49;0;0;": Follow @SuhilaBnLachhab http:// instagram.com/souhilaofficial Listen https:// youtu.be/UpGVSPt3fQ8 #SouhilaBenLachhab #LoveWhatYouHave #MasterChefBR "";;@SuhilaBnLachhab;#SouhilaBenLachhab #LoveWhatYouHave #MasterChefBR;"715128743476477952";https://twitter.com/BaianBana/status/715128743476477952
XysFull;2016-03-30 07:48;0;1;"#MasterChefBR https://www. youtube.com/watch?v=4UTMMM z4Yvo&feature=youtu.be … novo sucesso ahahaha";;;#MasterChefBR;"715128654817308672";https://twitter.com/XysFull/status/715128654817308672
vineyderson;2016-03-30 07:47;1;4;""a vaca é uma santa" - @PaolaCarosella #masterchefbr";;@PaolaCarosella;#masterchefbr;"715128297118679041";https://twitter.com/vineyderson/status/715128297118679041
jehsantos_13;2016-03-30 07:44;1;4;"Gleice e Lee estão classificados pra próxima etapa do #MasterChefBR , é isso mesmo produção?! Já tenho minha torcida.";;;#MasterChefBR;"715127498217033728";https://twitter.com/jehsantos_13/status/715127498217033728
nafoune;2016-03-30 07:43;1;1;"Follow @Ihab_Amir http:// instagram.com/ihabamiroffici ell/ … https://www. youtube.com/channel/UC0ty7 _kyGQ1FeveJMfYc0BA … #IhabAmir #EgyptAirHijack #EgyptAir #MasterChefBR";;@Ihab_Amir;#IhabAmir #EgyptAirHijack #EgyptAir #MasterChefBR;"715127342675451905";https://twitter.com/nafoune/status/715127342675451905
srcupertino;2016-03-30 07:43;0;4;"Podem falar o que quiser do #MasterChefBR , mas eles conseguiram manter a originalidade sem tirar os pontos fortes do programa. Eu gosto.";;;#MasterChefBR;"715127221220982784";https://twitter.com/srcupertino/status/715127221220982784
nafoune;2016-03-30 07:42;4;2;"Follow @Ihab_Amir http:// instagram.com/ihabamiroffici ell/ … https://www. youtube.com/channel/UC0ty7 _kyGQ1FeveJMfYc0BA … #IhabAmir #MasterChefBR #BAFTATV #USMNT";;@Ihab_Amir;#IhabAmir #MasterChefBR #BAFTATV #USMNT;"715127097417678848";https://twitter.com/nafoune/status/715127097417678848
HelenLayd;2016-03-30 07:39;0;2;"#MasterChefBR esse mina negra linda d black tb, que sorriso é esse?? Mim bja";;;#MasterChefBR;"715126334855503872";https://twitter.com/HelenLayd/status/715126334855503872
HelenLayd;2016-03-30 07:38;0;2;"Sobre #MasterChefBR esse menino cabeludo e barbudo ae, esse msm q num sei o nome.. cm um piercing ce é lindao - so isso msm";;;#MasterChefBR;"715126137534414848";https://twitter.com/HelenLayd/status/715126137534414848
tephcrs;2016-03-30 07:38;1;1;"O espelho diz "tá okay", você tira 30 fotos e nenhuma presta. Qual é a verdade vida? #MasterChefBR pic.twitter.com/qUNfskesgw";;;#MasterChefBR;"715126031414374404";https://twitter.com/tephcrs/status/715126031414374404
markaugs;2016-03-30 07:36;0;0;"Ontem o #MasterChefBR me deixou com vontade de comer carne moída";;;#MasterChefBR;"715125525853896704";https://twitter.com/markaugs/status/715125525853896704
paula_gutierres;2016-03-30 07:35;0;0;"E o arrependimento de ter assistido #MasterChefBR até quase uma da manhã, não me pergunte nada que estou em modo avião!";;;#MasterChefBR;"715125372157894657";https://twitter.com/paula_gutierres/status/715125372157894657
stevedf;2016-03-30 07:35;0;0;"O #PMDB é igual urubu, espera para comer os restos. Só assim pra governar. #DilmaPedePenico #MasterChefBR";;;#PMDB #DilmaPedePenico #MasterChefBR;"715125223318810624";https://twitter.com/stevedf/status/715125223318810624
costaluizsergio;2016-03-30 07:32;0;0;"Ontem teve #MasterChefBR . Quem em sã consciência ficou vendo o jogo da seleção?!?";;;#MasterChefBR;"715124585772015616";https://twitter.com/costaluizsergio/status/715124585772015616
paulomob;2016-03-30 07:26;0;0;"Ontem também aprendi, pelo #MasterChefBR , que servir o Exército é muito mais tranqüilo que trabalhar num restaurante com estrelas Michelin.";;;#MasterChefBR;"715123100879335424";https://twitter.com/paulomob/status/715123100879335424
IsabelleRibeiro;2016-03-30 07:22;0;3;"Olha band não é por nada mas eu tenho fotos melhores dele, era só ter pedido #MasterChefBR #aluisio pic.twitter.com/8ldWhpNv4U";;;#MasterChefBR #aluisio;"715122031084322816";https://twitter.com/IsabelleRibeiro/status/715122031084322816
ETudoPOP;2016-03-30 07:20;0;0;"@MACUMBElRA #MasterchefBR VEJA O ENSAIO NU DE MODELO DO MASTERCHEF BR 2016 https:// ehtudopop.wordpress.com/2016/03/30/vej a-o-ensaio-nu-de-modelo-do-masterchef-br-2016 … …";;@MACUMBElRA;#MasterchefBR;"715121629244866561";https://twitter.com/ETudoPOP/status/715121629244866561
QualityReads;2016-03-30 07:19;0;0;"Football #Bets How To Increase Your Chances of #Winning http://www. amazon.com/dp/153026152X/ #MasterChefBR Chris Brown #architectureMW #FelizMiercoles";;;#Bets #Winning #MasterChefBR #architectureMW #FelizMiercoles;"715121382737199104";https://twitter.com/QualityReads/status/715121382737199104
ETudoPOP;2016-03-30 07:19;0;0;"@HugoGloss Chora!!! #MasterchefBR VEJA O ENSAIO NU DE MODELO DO MASTERCHEF BR 2016 https:// ehtudopop.wordpress.com/2016/03/30/vej a-o-ensaio-nu-de-modelo-do-masterchef-br-2016 … …";;@HugoGloss;#MasterchefBR;"715121279691591681";https://twitter.com/ETudoPOP/status/715121279691591681
sonson_silva;2016-03-30 07:17;0;0;"Já tenho meus preferidos! #MasterchefBR https:// twitter.com/hugogloss/stat us/715024737534152705 …";;;#MasterchefBR;"715120691440394240";https://twitter.com/sonson_silva/status/715120691440394240
ETudoPOP;2016-03-30 07:16;0;0;"@casadafoto #MasterchefBR VEJA O ENSAIO NU DE MODELO DO MASTERCHEF BR 2016 https:// ehtudopop.wordpress.com/2016/03/30/vej a-o-ensaio-nu-de-modelo-do-masterchef-br-2016 … …";;@casadafoto;#MasterchefBR;"715120398329896960";https://twitter.com/ETudoPOP/status/715120398329896960
QualityReads;2016-03-30 07:14;0;0;"#amreading #Riodejaneiro -Everything You Need To Know http://www. amazon.com/dp/B00WS18D1M #MasterChefBR #FelizMiercoles Chris Brown #brazil #brasil #rt";;;#amreading #Riodejaneiro #MasterChefBR #FelizMiercoles #brazil #brasil #rt;"715120076270252033";https://twitter.com/QualityReads/status/715120076270252033
ETudoPOP;2016-03-30 07:12;0;0;"@ToSobriaJuro #MasterchefBR VEJA O ENSAIO NU DE MODELO DO MASTERCHEF BR 2016 https:// ehtudopop.wordpress.com/2016/03/30/vej a-o-ensaio-nu-de-modelo-do-masterchef-br-2016 … …";;@ToSobriaJuro;#MasterchefBR;"715119561545289729";https://twitter.com/ETudoPOP/status/715119561545289729
QualityReads;2016-03-30 07:12;0;0;"Everything you need to know about #riodejaneiro #rio #ebook http://www. amazon.com/dp/B00WS18D1M #rio2016 #brazil2016 #brazil #brasil #MasterChefBR";;;#riodejaneiro #rio #ebook #rio2016 #brazil2016 #brazil #brasil #MasterChefBR;"715119513759588352";https://twitter.com/QualityReads/status/715119513759588352
ChristopherLima;2016-03-30 07:12;0;2;"@MChef_Jiang @MChef_Raul eu já tava querendo um All Stars do #MasterChefBR :-) com vcs é claro";Sao Paulo, Brazil;@MChef_Jiang @MChef_Raul;#MasterChefBR;"715119487155101696";https://twitter.com/ChristopherLima/status/715119487155101696
hayetamel35;2016-03-30 07:11;3;1;"#listen #Majnoon #crazy #loco http:// youtu.be/UpGVSPt3fQ8 Follow plz http:// i.instagram.com/souhilaofficia l/ … #SouhilaBenLachhab #MasterChefBR";;;#listen #Majnoon #crazy #loco #SouhilaBenLachhab #MasterChefBR;"715119295265705984";https://twitter.com/hayetamel35/status/715119295265705984
ETudoPOP;2016-03-30 07:10;1;0;"#AnittaFaz23 #QuartaHumildeNoClubeSDV #MasterchefBR VEJA O ENSAIO NU DE MODELO DO MASTERCHEF BR 2016 https:// ehtudopop.wordpress.com/2016/03/30/vej a-o-ensaio-nu-de-modelo-do-masterchef-br-2016 … …";;;#AnittaFaz23 #QuartaHumildeNoClubeSDV #MasterchefBR;"715118967266930688";https://twitter.com/ETudoPOP/status/715118967266930688
Junior1981_5;2016-03-30 07:09;0;4;"Meu medo é o Dr. ter assistido #MasterChefBR ontem e perde a hora hoje";;;#MasterChefBR;"715118693634744320";https://twitter.com/Junior1981_5/status/715118693634744320
QualityReads;2016-03-30 07:09;0;0;"#amreading Brazil Insights http:// amzn.to/1AbGVA2 #rio2016 #MasterChefBR #GOPTownHall #Hulk #AnnaSoubry #ChrisBrown #Dangelorussel";;;#amreading #rio2016 #MasterChefBR #GOPTownHall #Hulk #AnnaSoubry #ChrisBrown #Dangelorussel;"715118662206767104";https://twitter.com/QualityReads/status/715118662206767104
ETudoPOP;2016-03-30 07:07;0;0;"@HugoGloss Olha Isso!! #MasterchefBR VEJA O ENSAIO NU DE MODELO DO MASTERCHEF BR 2016 https:// ehtudopop.wordpress.com/2016/03/30/vej a-o-ensaio-nu-de-modelo-do-masterchef-br-2016 … …";;@HugoGloss;#MasterchefBR;"715118323667742720";https://twitter.com/ETudoPOP/status/715118323667742720
MimaPalymaps;2016-03-30 07:05;3;0;"#listen #Majnoon #crazy #loco http:// youtu.be/UpGVSPt3fQ8 Follow plz http:// i.instagram.com/souhilaofficia l/ … #SouhilaBenLachhab #MasterChefBR";;;#listen #Majnoon #crazy #loco #SouhilaBenLachhab #MasterChefBR;"715117864248860672";https://twitter.com/MimaPalymaps/status/715117864248860672
bia_pupato;2016-03-30 07:04;0;0;"Bom dia pra vc que ficou passando fome com o #MasterChefBR e agora tá com sono, muito sono..";;;#MasterChefBR;"715117407271063552";https://twitter.com/bia_pupato/status/715117407271063552
ETudoPOP;2016-03-30 07:03;0;1;"#MasterchefBR VEJA O ENSAIO NU DE MODELO DO MASTERCHEF BR 2016 https:// ehtudopop.wordpress.com/2016/03/30/vej a-o-ensaio-nu-de-modelo-do-masterchef-br-2016 … … https:// twitter.com/erlonsantoos/s tatus/715116334724591616 …";;;#MasterchefBR;"715117225498251264";https://twitter.com/ETudoPOP/status/715117225498251264
girl_anxiolytic;2016-03-30 07:02;1;3;"Já sou team Thaiana Wosniak ( @thazuk ), Lee Fu Kuang e Vanesa Vagnotti. #MasterChefBR https:// twitter.com/portaldaband/s tatus/715039076890574848 …";;@thazuk;#MasterChefBR;"715116861864689664";https://twitter.com/girl_anxiolytic/status/715116861864689664
_AnaCarmen;2016-03-30 07:01;0;0;"@Sra_Cacau @j_assuncao #tamojunto no time das sonolentas do #MasterChefBR";;@Sra_Cacau @j_assuncao;#tamojunto #MasterChefBR;"715116629470932994";https://twitter.com/_AnaCarmen/status/715116629470932994
erlonsantoos;2016-03-30 07:00;0;0;"#MasterChefBR Não assistir Durmi";;;#MasterChefBR;"715116537934397445";https://twitter.com/erlonsantoos/status/715116537934397445
ETudoPOP;2016-03-30 06:58;0;1;"Dê RT e eu libero mais fotos #MasterchefBR VEJA O ENSAIO NU DE MODELO DO MASTERCHEF BR 2016 https:// ehtudopop.wordpress.com/2016/03/30/vej a-o-ensaio-nu-de-modelo-do-masterchef-br-2016 … …";;;#MasterchefBR;"715115930653736960";https://twitter.com/ETudoPOP/status/715115930653736960
_tocaraul;2016-03-30 06:57;0;0;"O Joaquim Barbosa está participando do #MasterChefBR ????";;;#MasterChefBR;"715115794795986944";https://twitter.com/_tocaraul/status/715115794795986944
ETudoPOP;2016-03-30 06:56;0;1;"@HugoGloss @1fabionunes #MasterchefBR VEJA O ENSAIO NU DE MODELO DO MASTERCHEF BR 2016 https:// ehtudopop.wordpress.com/2016/03/30/vej a-o-ensaio-nu-de-modelo-do-masterchef-br-2016 … …";;@HugoGloss @1fabionunes;#MasterchefBR;"715115531074928640";https://twitter.com/ETudoPOP/status/715115531074928640
ETudoPOP;2016-03-30 06:55;0;0;"Ajudem a chegar ao @HugoGloss #MasterChefBR #FabioNunes VEJA O ENSAIO NU DE MODELO DO MASTERCHEF BR 2016 https:// ehtudopop.wordpress.com/2016/03/30/vej a-o-ensaio-nu-de-modelo-do-masterchef-br-2016 … …";;@HugoGloss;#MasterChefBR #FabioNunes;"715115217169027072";https://twitter.com/ETudoPOP/status/715115217169027072
ETudoPOP;2016-03-30 06:53;0;0;"#MasterchefBR #QuartaHumildeNoClubeSDV #AnittaFaz23 VEJA O ENSAIO NU DE MODELO DO MASTERCHEF BR 2016 https:// ehtudopop.wordpress.com/2016/03/30/vej a-o-ensaio-nu-de-modelo-do-masterchef-br-2016 … …";;;#MasterchefBR #QuartaHumildeNoClubeSDV #AnittaFaz23;"715114797885423616";https://twitter.com/ETudoPOP/status/715114797885423616
ETudoPOP;2016-03-30 06:51;0;0;"@HugoGloss Bom diaaa!! #MasterchefBR VEJA O ENSAIO NU DE MODELO DO MASTERCHEF BR 2016 https:// ehtudopop.wordpress.com/2016/03/30/vej a-o-ensaio-nu-de-modelo-do-masterchef-br-2016 … …";;@HugoGloss;#MasterchefBR;"715114254458859525";https://twitter.com/ETudoPOP/status/715114254458859525
ETudoPOP;2016-03-30 06:48;0;0;"@Irma_Zuleide #MasterchefBR VEJA O ENSAIO NU DE MODELO DO MASTERCHEF BR 2016 https:// ehtudopop.wordpress.com/2016/03/30/vej a-o-ensaio-nu-de-modelo-do-masterchef-br-2016 … …";;@Irma_Zuleide;#MasterchefBR;"715113342050942976";https://twitter.com/ETudoPOP/status/715113342050942976
matheusft82;2016-03-30 06:44;0;0;"Peneirar quem fez os melhores pratos para depois eliminá-los porque não souberam cortar cenoura em tirinhas…? #MasterChefBr";;;#MasterChefBr;"715112566687723520";https://twitter.com/matheusft82/status/715112566687723520
princesse_emman;2016-03-30 06:43;3;1;"Follow plz @Ihab_Amir http:// instagram.com/ihabamiroffici ell/ … https://www. youtube.com/channel/UC0ty7 _kyGQ1FeveJMfYc0BA … #IhabAmir #EgyptAirHijack #GERITA #MasterChefBR #GERITA";;@Ihab_Amir;#IhabAmir #EgyptAirHijack #GERITA #MasterChefBR #GERITA;"715112178739724288";https://twitter.com/princesse_emman/status/715112178739724288
ETudoPOP;2016-03-30 06:42;0;0;"#QuartaHumildeNoClubeSDV #AnittaFaz23 #MasterchefBR #TaNoAr VEJA O ENSAIO NU DE MODELO DO MASTERCHEF BR 2016 https:// ehtudopop.wordpress.com/2016/03/30/vej a-o-ensaio-nu-de-modelo-do-masterchef-br-2016 … …";;;#QuartaHumildeNoClubeSDV #AnittaFaz23 #MasterchefBR #TaNoAr;"715111884710658048";https://twitter.com/ETudoPOP/status/715111884710658048
ETudoPOP;2016-03-30 06:41;0;0;"@Aguinaldinho #MasterchefBR VEJA O ENSAIO NU DE MODELO DO MASTERCHEF BR 2016 https:// ehtudopop.wordpress.com/2016/03/30/vej a-o-ensaio-nu-de-modelo-do-masterchef-br-2016 … …";;@Aguinaldinho;#MasterchefBR;"715111695035842560";https://twitter.com/ETudoPOP/status/715111695035842560
ETudoPOP;2016-03-30 06:40;0;0;"@HugoGloss Pra vc acordar animado... #MasterChefBR VEJA O ENSAIO NU DE MODELO DO MASTERCHEF BR 2016 https:// ehtudopop.wordpress.com/2016/03/30/vej a-o-ensaio-nu-de-modelo-do-masterchef-br-2016 … …";;@HugoGloss;#MasterChefBR;"715111347780976640";https://twitter.com/ETudoPOP/status/715111347780976640
ETudoPOP;2016-03-30 06:34;0;0;"@HugoGloss EXCLUSIVO!!! #MasterchefBR VEJA O ENSAIO NU DE MODELO DO MASTERCHEF BR 2016 https:// ehtudopop.wordpress.com/2016/03/30/vej a-o-ensaio-nu-de-modelo-do-masterchef-br-2016 … …";;@HugoGloss;#MasterchefBR;"715110003074531329";https://twitter.com/ETudoPOP/status/715110003074531329
AyelechWwrthhj;2016-03-30 06:34;0;0;"#MasterChefBR pic.twitter.com/s5I0MGD9t6";;;#MasterChefBR;"715109862913548288";https://twitter.com/AyelechWwrthhj/status/715109862913548288
ETudoPOP;2016-03-30 06:33;0;0;"Quero RT do @HugoGloss #MasterchefBR VEJA O ENSAIO NU DE MODELO DO MASTERCHEF BR 2016 https:// ehtudopop.wordpress.com/2016/03/30/vej a-o-ensaio-nu-de-modelo-do-masterchef-br-2016 … …";;@HugoGloss;#MasterchefBR;"715109722249162752";https://twitter.com/ETudoPOP/status/715109722249162752